<?xml version="1.1" encoding="UTF-8"?>
<expression:EMFExpression xmi:version="2.0" xmlns:xmi="http://www.omg.org/XMI" xmlns:expression="http:///expression.ecore" id="tMap_2=>" expression="((row5.data_inicio == null) ? &quot;null&quot; :&#xA;TalendDate.formatDate(&quot;yyyyMMdd&quot;,row5.data_inicio)) + &quot;-&quot; + ((row5.data_fim == null) ? &quot;null&quot; :&#xA;TalendDate.formatDate(&quot;yyyyMMdd&quot;,row5.data_fim))">
  <variables name="row5.id_servidor" value="null" talendType="id_String"/>
  <variables name="row5.id_funcao" value="null" talendType="id_String"/>
  <variables name="row5.id_atividade" value="null" talendType="id_String"/>
  <variables name="row5.id_org" value="null" talendType="id_Integer" nullable="true"/>
  <variables name="row5.data_inicio" value="null" talendType="id_Date"/>
  <variables name="row5.data_fim" value="null" talendType="id_Date" nullable="true"/>
  <variables name="row5.data_arquivo" value="null" talendType="id_Date" nullable="true"/>
  <variables name="row5.id_intervalo" value="null" talendType="id_String" nullable="true"/>
</expression:EMFExpression>
